{"0": 0.0002745627447128899, "1": 0.2512599952403522, "2": 1.0317182680248632e-05, "3": 3.217506719488431e-05, "4": 7.886162383635077e-05, "5": 1.3879982587916168e-05, "6": 0.0003144230831538673, "7": 0.004525229242469922, "8": 1.6212631744004677e-05, "9": 0.0, "10": 0.003135194735346393, "11": 7.08029804774832e-05, "12": 2.4267891594129787e-05, "13": 0.0018637248515261796, "14": 0.0009573973421647359, "15": 0.0007141871444000168, "16": 9.930368076713135e-07, "17": 2.9482212100704203e-06, "18": 0.00024016074339087536, "19": 0.0009386368572960491, "20": 0.007054503938962589, "21": 3.1422315918065754e-05, "22": 7.256568092550812e-05, "23": 1.7310897977196877e-06, "24": 3.908492830205687e-06, "25": 0.00269350508758934, "26": 0.004304190063431963, "27": 3.844928812671678e-06, "28": 4.969618821590619e-06, "29": 5.024531315209972e-05, "30": 1.8851862296458686e-05, "31": 1.873791082770597e-05, "32": 0.0037430402409034383, "33": 0.01599219753695933, "34": 0.00044607027324184963, "35": 0.0013892093739851956, "36": 0.0008754703666911227, "37": 0.0013451032407591945, "38": 8.733246839962538e-06, "39": 0.00010182682057324267, "40": 0.0008450114539090861, "41": 1.0396495914385769e-05, "42": 0.00015526122013812064, "43": 0.00017217217070947293, "44": 0.0009406038669906885, "45": 0.00011236529997811937, "46": 0.00020265058139525512, "47": 0.0002047535988114938, "48": 0.004724740690791899, "49": 0.07791828492443678, "50": 1.7639660807822226e-06, "51": 4.1470239110783695e-06, "52": 0.002404018481413609, "53": 1.684230284991357e-06, "54": 0.00021449788216374593, "55": 0.00029417140921316246, "56": 57.05767926397723, "57": 0.0007333453138187989, "58": 0.0004299831880102014, "59": 4.442937362115907e-05, "60": 2.760087904345854, "61": 1.7869035622627858, "62": 0.003280890236291325, "63": 0.0}